{"frameRate":24,"armature":[{"defaultActions":[{"gotoAndPlay":"animtion0"}],"skin":[{"name":"","slot":[{"display":[{"weights":[1,3,1,2,1,0.15,3,0.85,1,6,1,1,6,1,4,6,0.6007348835128777,1,0.27271521615304234,2,0.06906520955401763,7,0.0574846907800622,1,6,1,1,7,1,4,8,0.9545515385325544,7,0.0318485765614285,6,0.005598923220619856,5,0.00800096168539718,4,8,0.9657167922413251,7,0.0215223648595291,6,0.003962731596709761,5,0.008798111302436119,1,7,1,2,5,0.81,7,0.19,1,5,1,1,5,1,3,5,0.8,3,0.1,4,0.1,2,4,0.6,3,0.4,2,4,0.2,3,0.8,1,3,1,1,4,1,1,4,1,1,5,1,4,7,0.4758951252722274,2,0.39804365999116614,6,0.06471057864476379,1,0.06135063609184264,1,7,1,1,7,1,1,6,1,1,6,1,1,1,1,1,3,1,1,3,1,1,3,1,1,2,1,1,2,1,2,1,0.48,2,0.52,3,2,0.74,4,0.24,7,0.02,2,2,0.79,4,0.21,1,4,1,1,4,1,2,7,0.77,8,0.23,2,7,0.92,8,0.08,2,7,0.5,8,0.5],"triangles":[28,16,15,19,15,14,12,19,13,19,14,13,27,0,16,18,28,15,19,18,15,10,12,11,12,17,19,17,18,19,9,35,10,17,28,18,28,27,16,35,17,12,10,35,12,9,32,35,34,28,17,35,34,17,34,27,28,33,27,34,7,38,8,32,34,35,32,33,34,38,36,9,9,20,32,20,33,32,21,20,9,37,21,9,36,37,9,20,30,33,30,27,33,31,27,30,37,22,21,21,30,20,6,37,36,26,0,27,6,22,37,29,31,30,29,30,21,22,29,21,31,26,27,29,25,31,23,29,22,24,23,6,5,24,6,23,22,6,23,24,29,24,25,29,25,26,31,25,1,26,4,25,24,1,0,26,4,2,25,2,1,25,3,2,4,24,4,5,6,38,7,6,36,38,38,8,9],"uvs":[0.14726,1,0.13628,0.76284,0.05396,0.49392,0.08079,0.4027,0.1747,0.51081,0.2314,0.19966,0.35518,0.34291,0.5878,0,0.6503,0,0.54512,0.35845,0.73994,0.23412,0.89055,0.31926,0.85488,0.52027,1,0.49662,1,0.59595,0.9189,0.73615,0.86037,1,0.81524,0.64628,0.83354,0.66047,0.89909,0.55338,0.49848,0.51081,0.47012,0.50473,0.35518,0.47027,0.33384,0.475,0.20305,0.50473,0.19177,0.60845,0.19024,0.79595,0.42896,0.80068,0.75976,0.82432,0.34512,0.54561,0.46463,0.55676,0.33963,0.69189,0.58933,0.56926,0.56372,0.62432,0.69726,0.67162,0.72409,0.59899,0.49268,0.25169,0.45823,0.34122,0.52073,0.18581],"edges":[0,1,1,2,2,3,3,4,4,5,5,6,6,7,7,8,8,9,9,10,10,11,11,12,12,13,13,14,14,15,15,16,16,0],"userEdges":[],"vertices":[-57.85,74,-59.65,38.9,-73.15,-0.9,-68.75,-14.4,-53.35,1.6,-44.05,-44.45,-23.75,-23.25,14.4,-74,24.65,-74,7.4,-20.95,39.35,-39.35,64.05,-26.75,58.2,3,82,-0.5,82,14.2,68.7,34.95,59.1,74,51.7,21.65,54.7,23.75,65.45,7.9,-0.25,1.6,-4.9,0.7,-23.75,-4.4,-27.25,-3.7,-48.7,0.7,-50.55,16.05,-50.8,43.8,-11.65,44.5,42.6,48,-25.4,6.75,-5.8,8.4,-26.3,28.4,14.65,10.25,10.45,18.4,32.35,25.4,36.75,14.65,-1.2,-36.75,-6.85,-23.5,3.4,-46.5],"slotPose":[0.9999999999999996,0,0,0.9999999999999996,8.881784197001252e-15,-47.99999999999997],"bonePose":[3,-0.9989685402102996,0.04540766091865007,-0.04540766091865007,-0.9989685402102996,14.4,-0.6,2,-0.1293391840677683,-0.9916004111862217,0.9916004111862217,-0.1293391840677683,-11.250000000000004,-5.399999999999999,7,0.42758681119424746,-0.9039742910574031,0.9039742910574031,0.42758681119424746,-13.550000000000002,-52.949999999999996,8,0.6037668680634825,-0.7971609429900673,0.7971609429900673,0.6037668680634825,7.150000000000019,-102.84999999999997,1,-0.043374481230375565,-0.9990588843396551,0.9990588843396551,-0.043374481230375565,-38.14999999999999,-1.4210854715202004e-14,6,-0.21266826469663594,-0.9771244594169783,0.9771244594169783,-0.21266826469663594,-40.45000000000002,-45.8,4,0.031312958304802053,-0.9995096290892859,0.9995096290892859,0.031312958304802053,46.05,0.75,5,0.30019133495547473,-0.9538790082697334,0.9538790082697334,0.30019133495547473,48.099999999999994,-43.49999999999999],"type":"mesh","transform":{"y":48.005,"skX":-177.3974,"skY":-177.3974,"x":12.2328},"width":164,"height":148,"name":"city_grass_01"}],"name":"city_grass_01"}]}],"slot":[{"color":{},"name":"city_grass_01","parent":"city_grass_017"}],"type":"Armature","ik":[],"animation":[{"bone":[{"frame":[{"curve":[0.5,0,0.5,1],"transform":{},"duration":80},{"transform":{},"tweenEasing":null,"duration":0}],"name":"root"},{"frame":[{"curve":[0.5,0,0.5,1],"transform":{},"duration":40},{"curve":[0.5,0,0.5,1],"transform":{"skX":-4.5777,"skY":-4.5777},"duration":40},{"transform":{},"tweenEasing":null,"duration":0}],"name":"city_grass_015"},{"frame":[{"curve":[0.5,0,0.5,1],"transform":{},"duration":40},{"curve":[0.5,0,0.5,1],"transform":{"skX":-3.4601,"skY":-3.4601},"duration":40},{"transform":{},"tweenEasing":null,"duration":0}],"name":"city_grass_012"},{"frame":[{"curve":[0.5,0,0.5,1],"transform":{},"duration":40},{"curve":[0.5,0,0.5,1],"transform":{"skX":-7.5284,"skY":-7.5284},"duration":40},{"transform":{},"tweenEasing":null,"duration":0}],"name":"city_grass_01"},{"frame":[{"curve":[0.5,0,0.5,1],"transform":{},"duration":40},{"curve":[0.5,0,0.5,1],"transform":{"skX":-7.2681,"skY":-7.2681},"duration":40},{"transform":{},"tweenEasing":null,"duration":0}],"name":"city_grass_011"},{"frame":[{"curve":[0.5,0,0.5,1],"transform":{},"duration":46},{"curve":[0.475,0.078,0.556,0.702],"transform":{"skX":-13.8045,"skY":-13.8045},"duration":34},{"transform":{},"tweenEasing":null,"duration":0}],"name":"city_grass_013"},{"frame":[{"curve":[0.5,0,0.5,1],"transform":{},"duration":40},{"curve":[0.5,0,0.5,1],"transform":{"skX":-7.3369,"skY":-7.3369},"duration":40},{"transform":{},"tweenEasing":null,"duration":0}],"name":"city_grass_016"},{"frame":[{"curve":[0.5,0,0.5,1],"transform":{},"duration":33},{"curve":[0.5,0,0.5,1],"transform":{"skX":-10.5209,"skY":-10.5209},"duration":20},{"curve":[0.5,0,0.5,1],"transform":{"skX":-23.445,"skY":-23.445},"duration":27},{"transform":{},"tweenEasing":null,"duration":0}],"name":"city_grass_014"},{"frame":[{"curve":[0.5,0,0.5,1],"transform":{},"duration":80},{"transform":{},"tweenEasing":null,"duration":0}],"name":"city_grass_017"}],"frame":[],"slot":[{"frame":[{"duration":80,"color":{},"tweenEasing":null}],"name":"city_grass_01"}],"ffd":[],"playTimes":0,"name":"animtion0","duration":80}],"aabb":{"width":164,"y":-126.58235294117644,"height":148,"x":-74.98235294117647},"name":"City_Grass","frameRate":24,"bone":[{"name":"root","transform":{}},{"length":34,"transform":{"skX":-92.486,"skY":-92.486,"x":-38.15},"parent":"root","name":"city_grass_015"},{"length":41,"transform":{"y":-5.4,"skX":-97.4314,"skY":-97.4314,"x":-11.25},"parent":"root","name":"city_grass_012"},{"length":38,"transform":{"y":-0.6,"skX":177.3974,"skY":177.3974,"x":14.4},"parent":"root","name":"city_grass_017"},{"length":39,"transform":{"y":0.75,"skX":-88.2056,"skY":-88.2056,"x":46.05},"parent":"root","name":"city_grass_01"},{"length":35,"transform":{"y":0.6634,"skX":15.6747,"skY":15.6747,"x":44.2925},"parent":"city_grass_01","name":"city_grass_011"},{"length":34,"transform":{"y":-0.3113,"skX":-9.7928,"skY":-9.7928,"x":45.8567},"parent":"city_grass_015","name":"city_grass_016"},{"length":43,"transform":{"y":3.8694,"skX":32.7459,"skY":32.7459,"x":47.4481},"parent":"city_grass_012","name":"city_grass_013"},{"length":21,"transform":{"y":-2.6243,"skX":11.8256,"skY":11.8256,"x":53.9594},"parent":"city_grass_013","name":"city_grass_014"}]}],"name":"City_Grass","version":"5.0","isGlobal":0}